HORVU.MOREX.r3.3HG0301710.1	61452500455c46e49b593b5b9642eeca	518	Phobius	NON_CYTOPLASMIC_DOMAIN	Region of a membrane-bound protein predicted to be outside the membrane, in the extracellular region.	346	364	-	T	02-06-2026	-	-	-	-
HORVU.MOREX.r3.3HG0301710.1	61452500455c46e49b593b5b9642eeca	518	TMHMM	TMhelix	Region of a membrane-bound protein predicted to be embedded in the membrane.	225	247	-	T	02-06-2026	-	-	-	-
HORVU.MOREX.r3.3HG0301710.1	61452500455c46e49b593b5b9642eeca	518	Phobius	CYTOPLASMIC_DOMAIN	Region of a membrane-bound protein predicted to be outside the membrane, in the cytoplasm.	507	518	-	T	02-06-2026	-	-	-	-
HORVU.MOREX.r3.3HG0301710.1	61452500455c46e49b593b5b9642eeca	518	MobiDBLite	mobidb-lite	consensus disorder prediction	15	26	-	T	02-06-2026	-	-	-	-
HORVU.MOREX.r3.3HG0301710.1	61452500455c46e49b593b5b9642eeca	518	Phobius	TRANSMEMBRANE	Region of a membrane-bound protein predicted to be embedded in the membrane.	225	248	-	T	02-06-2026	-	-	-	-
HORVU.MOREX.r3.3HG0301710.1	61452500455c46e49b593b5b9642eeca	518	Phobius	CYTOPLASMIC_DOMAIN	Region of a membrane-bound protein predicted to be outside the membrane, in the cytoplasm.	444	454	-	T	02-06-2026	-	-	-	-
HORVU.MOREX.r3.3HG0301710.1	61452500455c46e49b593b5b9642eeca	518	Phobius	TRANSMEMBRANE	Region of a membrane-bound protein predicted to be embedded in the membrane.	365	386	-	T	02-06-2026	-	-	-	-
HORVU.MOREX.r3.3HG0301710.1	61452500455c46e49b593b5b9642eeca	518	TMHMM	TMhelix	Region of a membrane-bound protein predicted to be embedded in the membrane.	254	276	-	T	02-06-2026	-	-	-	-
HORVU.MOREX.r3.3HG0301710.1	61452500455c46e49b593b5b9642eeca	518	PANTHER	PTHR11662	SOLUTE CARRIER FAMILY 17	90	513	0.0	T	02-06-2026	IPR050382	Major Facilitator Superfamily Sodium/Anion Cotransporter	GO:0005315(PANTHER)|GO:0009536(PANTHER)	Reactome:R-BTA-210500|Reactome:R-BTA-428643|Reactome:R-CEL-210500|Reactome:R-CEL-2672351|Reactome:R-CEL-428643|Reactome:R-DME-2672351|Reactome:R-DME-428643|Reactome:R-DRE-428643|Reactome:R-HSA-210500|Reactome:R-HSA-2160916|Reactome:R-HSA-2672351|Reactome:R-HSA-4085001|Reactome:R-HSA-428643|Reactome:R-HSA-5619035|Reactome:R-HSA-5619076|Reactome:R-HSA-9662360|Reactome:R-MMU-210500|Reactome:R-MMU-2160916|Reactome:R-MMU-2672351|Reactome:R-MMU-4085001|Reactome:R-MMU-428643|Reactome:R-RNO-210500|Reactome:R-RNO-428643|Reactome:R-XTR-210500|Reactome:R-XTR-428643
HORVU.MOREX.r3.3HG0301710.1	61452500455c46e49b593b5b9642eeca	518	SUPERFAMILY	SSF103473	MFS general substrate transporter	85	505	5.75E-74	T	02-06-2026	IPR036259	MFS transporter superfamily	-	Reactome:R-BTA-112311|Reactome:R-BTA-181430|Reactome:R-BTA-189200|Reactome:R-BTA-196757|Reactome:R-BTA-196836|Reactome:R-BTA-210500|Reactome:R-BTA-210991|Reactome:R-BTA-2161517|Reactome:R-BTA-352230|Reactome:R-BTA-422356|Reactome:R-BTA-427975|Reactome:R-BTA-428643|Reactome:R-BTA-433692|Reactome:R-BTA-442660|Reactome:R-BTA-549127|Reactome:R-BTA-5653890|Reactome:R-BTA-6798695|Reactome:R-BTA-879518|Reactome:R-BTA-8981373|Reactome:R-BTA-917937|Reactome:R-BTA-9707616|Reactome:R-BTA-9749641|Reactome:R-BTA-9793528|Reactome:R-BTA-9860276|Reactome:R-BTA-9909505|Reactome:R-CEL-112311|Reactome:R-CEL-181430|Reactome:R-CEL-189200|Reactome:R-CEL-189451|Reactome:R-CEL-196757|Reactome:R-CEL-196807|Reactome:R-CEL-196819|Reactome:R-CEL-196836|Reactome:R-CEL-200425|Reactome:R-CEL-210500|Reactome:R-CEL-2161517|Reactome:R-CEL-264642|Reactome:R-CEL-2672351|Reactome:R-CEL-422356|Reactome:R-CEL-427975|Reactome:R-CEL-428643|Reactome:R-CEL-429593|Reactome:R-CEL-442660|Reactome:R-CEL-549127|Reactome:R-CEL-561048|Reactome:R-CEL-5653890|Reactome:R-CEL-6798695|Reactome:R-CEL-8856825|Reactome:R-CEL-8856828|Reactome:R-CEL-8981373|Reactome:R-CEL-917937|Reactome:R-CEL-9749641|Reactome:R-CEL-9793528|Reactome:R-CFA-425410|Reactome:R-CFA-917937|Reactome:R-DDI-196757|Reactome:R-DDI-196819|Reactome:R-DME-112311|Reactome:R-DME-1660661|Reactome:R-DME-181430|Reactome:R-DME-189200|Reactome:R-DME-196757|Reactome:R-DME-196807|Reactome:R-DME-196836|Reactome:R-DME-200425|Reactome:R-DME-2161517|Reactome:R-DME-264642|Reactome:R-DME-2672351|Reactome:R-DME-422356|Reactome:R-DME-427975|Reactome:R-DME-428643|Reactome:R-DME-442660|Reactome:R-DME-549127|Reactome:R-DME-561048|Reactome:R-DME-5653890|Reactome:R-DME-6798695|Reactome:R-DME-879518|Reactome:R-DME-8856825|Reactome:R-DME-8856828|Reactome:R-DME-8981373|Reactome:R-DME-917937|Reactome:R-DME-9707616|Reactome:R-DME-9749641|Reactome:R-DME-9793528|Reactome:R-DRE-1483191|Reactome:R-DRE-1660661|Reactome:R-DRE-189200|Reactome:R-DRE-196757|Reactome:R-DRE-264642|Reactome:R-DRE-352230|Reactome:R-DRE-425410|Reactome:R-DRE-428643|Reactome:R-DRE-561048|Reactome:R-DRE-70263|Reactome:R-DRE-83936|Reactome:R-DRE-879518|Reactome:R-DRE-917937|Reactome:R-DRE-9707616|Reactome:R-GGA-1483191|Reactome:R-GGA-196757|Reactome:R-GGA-210991|Reactome:R-GGA-352832|Reactome:R-GGA-373920|Reactome:R-GGA-433692|Reactome:R-GGA-917937|Reactome:R-GGA-9707616|Reactome:R-HSA-112311|Reactome:R-HSA-1445148|Reactome:R-HSA-1483191|Reactome:R-HSA-159418|Reactome:R-HSA-1660661|Reactome:R-HSA-181429|Reactome:R-HSA-181430|Reactome:R-HSA-189200|Reactome:R-HSA-189451|Reactome:R-HSA-189483|Reactome:R-HSA-196757|Reactome:R-HSA-196807|Reactome:R-HSA-196819|Reactome:R-HSA-196836|Reactome:R-HSA-200425|Reactome:R-HSA-210500|Reactome:R-HSA-210745|Reactome:R-HSA-210991|Reactome:R-HSA-212676|Reactome:R-HSA-2160916|Reactome:R-HSA-2161517|Reactome:R-HSA-264642|Reactome:R-HSA-2672351|Reactome:R-HSA-3229133|Reactome:R-HSA-351906|Reactome:R-HSA-352230|Reactome:R-HSA-381340|Reactome:R-HSA-4085001|Reactome:R-HSA-422356|Reactome:R-HSA-425397|Reactome:R-HSA-425410|Reactome:R-HSA-427975|Reactome:R-HSA-428643|Reactome:R-HSA-429593|Reactome:R-HSA-433692|Reactome:R-HSA-442660|Reactome:R-HSA-5250955|Reactome:R-HSA-5250968|Reactome:R-HSA-5250981|Reactome:R-HSA-5250992|Reactome:R-HSA-549127|Reactome:R-HSA-561048|Reactome:R-HSA-5619035|Reactome:R-HSA-5619043|Reactome:R-HSA-5619047|Reactome:R-HSA-5619049|Reactome:R-HSA-5619053|Reactome:R-HSA-5619058|Reactome:R-HSA-5619060|Reactome:R-HSA-5619061|Reactome:R-HSA-5619066|Reactome:R-HSA-5619068|Reactome:R-HSA-5619070|Reactome:R-HSA-5619071|Reactome:R-HSA-5619076|Reactome:R-HSA-5619095|Reactome:R-HSA-5619098|Reactome:R-HSA-5619110|Reactome:R-HSA-5653890|Reactome:R-HSA-5655799|Reactome:R-HSA-5662702|Reactome:R-HSA-6798695|Reactome:R-HSA-70263|Reactome:R-HSA-83936|Reactome:R-HSA-879518|Reactome:R-HSA-8856825|Reactome:R-HSA-8856828|Reactome:R-HSA-8935964|Reactome:R-HSA-8981373|Reactome:R-HSA-9022699|Reactome:R-HSA-917937|Reactome:R-HSA-9636383|Reactome:R-HSA-9638334|Reactome:R-HSA-9638482|Reactome:R-HSA-9662360|Reactome:R-HSA-9707616|Reactome:R-HSA-9748787|Reactome:R-HSA-9749641|Reactome:R-HSA-9754706|Reactome:R-HSA-9755088|Reactome:R-HSA-9793528|Reactome:R-HSA-9845576|Reactome:R-HSA-9860276|Reactome:R-HSA-9913143|Reactome:R-MMU-112311|Reactome:R-MMU-1483191|Reactome:R-MMU-159418|Reactome:R-MMU-1660661|Reactome:R-MMU-181429|Reactome:R-MMU-181430|Reactome:R-MMU-189200|Reactome:R-MMU-189451|Reactome:R-MMU-189483|Reactome:R-MMU-196757|Reactome:R-MMU-196807|Reactome:R-MMU-196819|Reactome:R-MMU-196836|Reactome:R-MMU-200425|Reactome:R-MMU-210500|Reactome:R-MMU-210991|Reactome:R-MMU-212676|Reactome:R-MMU-2160916|Reactome:R-MMU-2161517|Reactome:R-MMU-264642|Reactome:R-MMU-2672351|Reactome:R-MMU-352230|Reactome:R-MMU-4085001|Reactome:R-MMU-422356|Reactome:R-MMU-425397|Reactome:R-MMU-425410|Reactome:R-MMU-427975|Reactome:R-MMU-428643|Reactome:R-MMU-429593|Reactome:R-MMU-433692|Reactome:R-MMU-442660|Reactome:R-MMU-549127|Reactome:R-MMU-561048|Reactome:R-MMU-5653890|Reactome:R-MMU-5662702|Reactome:R-MMU-6798695|Reactome:R-MMU-70263|Reactome:R-MMU-83936|Reactome:R-MMU-879518|Reactome:R-MMU-8856825|Reactome:R-MMU-8856828|Reactome:R-MMU-8981373|Reactome:R-MMU-917937|Reactome:R-MMU-9707616|Reactome:R-MMU-9748787|Reactome:R-MMU-9749641|Reactome:R-MMU-9754706|Reactome:R-MMU-9755088|Reactome:R-MMU-9793528|Reactome:R-MMU-9845576|Reactome:R-MMU-9860276|Reactome:R-PFA-189200|Reactome:R-PFA-196836|Reactome:R-PFA-422356|Reactome:R-PFA-5653890|Reactome:R-PFA-6798695|Reactome:R-PFA-8981373|Reactome:R-RNO-112311|Reactome:R-RNO-159418|Reactome:R-RNO-181429|Reactome:R-RNO-181430|Reactome:R-RNO-189200|Reactome:R-RNO-189483|Reactome:R-RNO-196757|Reactome:R-RNO-196836|Reactome:R-RNO-200425|Reactome:R-RNO-210500|Reactome:R-RNO-210991|Reactome:R-RNO-212676|Reactome:R-RNO-2161517|Reactome:R-RNO-264642|Reactome:R-RNO-352230|Reactome:R-RNO-422356|Reactome:R-RNO-425397|Reactome:R-RNO-425410|Reactome:R-RNO-427975|Reactome:R-RNO-428643|Reactome:R-RNO-429593|Reactome:R-RNO-433692|Reactome:R-RNO-442660|Reactome:R-RNO-549127|Reactome:R-RNO-561048|Reactome:R-RNO-5653890|Reactome:R-RNO-6798695|Reactome:R-RNO-83936|Reactome:R-RNO-879518|Reactome:R-RNO-8856825|Reactome:R-RNO-8856828|Reactome:R-RNO-8981373|Reactome:R-RNO-917937|Reactome:R-RNO-9707616|Reactome:R-RNO-9748787|Reactome:R-RNO-9749641|Reactome:R-RNO-9754706|Reactome:R-RNO-9755088|Reactome:R-RNO-9793528|Reactome:R-RNO-9860276|Reactome:R-SCE-189200|Reactome:R-SCE-196757|Reactome:R-SCE-196836|Reactome:R-SCE-352230|Reactome:R-SCE-422356|Reactome:R-SCE-425397|Reactome:R-SCE-427975|Reactome:R-SCE-429593|Reactome:R-SCE-5653890|Reactome:R-SCE-6798695|Reactome:R-SCE-879518|Reactome:R-SCE-8981373|Reactome:R-SCE-917937|Reactome:R-SCE-9707616|Reactome:R-SCE-9845576|Reactome:R-SPO-181429|Reactome:R-SPO-181430|Reactome:R-SPO-189200|Reactome:R-SPO-196757|Reactome:R-SPO-212676|Reactome:R-SPO-425397|Reactome:R-SPO-427975|Reactome:R-SPO-429593|Reactome:R-SPO-442380|Reactome:R-SPO-442660|Reactome:R-SPO-6798695|Reactome:R-SPO-8856825|Reactome:R-SPO-8856828|Reactome:R-SPO-917937|Reactome:R-SPO-9707616|Reactome:R-SPO-9845576|Reactome:R-SSC-112311|Reactome:R-SSC-181430|Reactome:R-SSC-189200|Reactome:R-SSC-196836|Reactome:R-SSC-2161517|Reactome:R-SSC-422356|Reactome:R-SSC-442660|Reactome:R-SSC-549127|Reactome:R-SSC-561048|Reactome:R-SSC-5653890|Reactome:R-SSC-6798695|Reactome:R-SSC-8981373|Reactome:R-SSC-9749641|Reactome:R-XTR-1483191|Reactome:R-XTR-1660661|Reactome:R-XTR-189200|Reactome:R-XTR-210500|Reactome:R-XTR-428643|Reactome:R-XTR-549127|Reactome:R-XTR-70263
HORVU.MOREX.r3.3HG0301710.1	61452500455c46e49b593b5b9642eeca	518	CDD	cd17380	MFS_SLC17A9_like	110	507	0.0	T	02-06-2026	IPR044777	Solute carrier family 17 member 9-like	-	-
HORVU.MOREX.r3.3HG0301710.1	61452500455c46e49b593b5b9642eeca	518	TMHMM	TMhelix	Region of a membrane-bound protein predicted to be embedded in the membrane.	392	414	-	T	02-06-2026	-	-	-	-
HORVU.MOREX.r3.3HG0301710.1	61452500455c46e49b593b5b9642eeca	518	Phobius	TRANSMEMBRANE	Region of a membrane-bound protein predicted to be embedded in the membrane.	423	443	-	T	02-06-2026	-	-	-	-
HORVU.MOREX.r3.3HG0301710.1	61452500455c46e49b593b5b9642eeca	518	TMHMM	TMhelix	Region of a membrane-bound protein predicted to be embedded in the membrane.	456	478	-	T	02-06-2026	-	-	-	-
HORVU.MOREX.r3.3HG0301710.1	61452500455c46e49b593b5b9642eeca	518	Phobius	NON_CYTOPLASMIC_DOMAIN	Region of a membrane-bound protein predicted to be outside the membrane, in the extracellular region.	418	422	-	T	02-06-2026	-	-	-	-
HORVU.MOREX.r3.3HG0301710.1	61452500455c46e49b593b5b9642eeca	518	TMHMM	TMhelix	Region of a membrane-bound protein predicted to be embedded in the membrane.	360	382	-	T	02-06-2026	-	-	-	-
HORVU.MOREX.r3.3HG0301710.1	61452500455c46e49b593b5b9642eeca	518	FunFam	G3DSA:1.20.1250.20:FF:000142	probable anion transporter 3, chloroplastic	313	511	2.9E-110	T	02-06-2026	-	-	-	-
HORVU.MOREX.r3.3HG0301710.1	61452500455c46e49b593b5b9642eeca	518	Gene3D	G3DSA:1.20.1250.20	MFS general substrate transporter like domains	312	512	2.3E-13	T	02-06-2026	IPR036259	MFS transporter superfamily	-	Reactome:R-BTA-112311|Reactome:R-BTA-181430|Reactome:R-BTA-189200|Reactome:R-BTA-196757|Reactome:R-BTA-196836|Reactome:R-BTA-210500|Reactome:R-BTA-210991|Reactome:R-BTA-2161517|Reactome:R-BTA-352230|Reactome:R-BTA-422356|Reactome:R-BTA-427975|Reactome:R-BTA-428643|Reactome:R-BTA-433692|Reactome:R-BTA-442660|Reactome:R-BTA-549127|Reactome:R-BTA-5653890|Reactome:R-BTA-6798695|Reactome:R-BTA-879518|Reactome:R-BTA-8981373|Reactome:R-BTA-917937|Reactome:R-BTA-9707616|Reactome:R-BTA-9749641|Reactome:R-BTA-9793528|Reactome:R-BTA-9860276|Reactome:R-BTA-9909505|Reactome:R-CEL-112311|Reactome:R-CEL-181430|Reactome:R-CEL-189200|Reactome:R-CEL-189451|Reactome:R-CEL-196757|Reactome:R-CEL-196807|Reactome:R-CEL-196819|Reactome:R-CEL-196836|Reactome:R-CEL-200425|Reactome:R-CEL-210500|Reactome:R-CEL-2161517|Reactome:R-CEL-264642|Reactome:R-CEL-2672351|Reactome:R-CEL-422356|Reactome:R-CEL-427975|Reactome:R-CEL-428643|Reactome:R-CEL-429593|Reactome:R-CEL-442660|Reactome:R-CEL-549127|Reactome:R-CEL-561048|Reactome:R-CEL-5653890|Reactome:R-CEL-6798695|Reactome:R-CEL-8856825|Reactome:R-CEL-8856828|Reactome:R-CEL-8981373|Reactome:R-CEL-917937|Reactome:R-CEL-9749641|Reactome:R-CEL-9793528|Reactome:R-CFA-425410|Reactome:R-CFA-917937|Reactome:R-DDI-196757|Reactome:R-DDI-196819|Reactome:R-DME-112311|Reactome:R-DME-1660661|Reactome:R-DME-181430|Reactome:R-DME-189200|Reactome:R-DME-196757|Reactome:R-DME-196807|Reactome:R-DME-196836|Reactome:R-DME-200425|Reactome:R-DME-2161517|Reactome:R-DME-264642|Reactome:R-DME-2672351|Reactome:R-DME-422356|Reactome:R-DME-427975|Reactome:R-DME-428643|Reactome:R-DME-442660|Reactome:R-DME-549127|Reactome:R-DME-561048|Reactome:R-DME-5653890|Reactome:R-DME-6798695|Reactome:R-DME-879518|Reactome:R-DME-8856825|Reactome:R-DME-8856828|Reactome:R-DME-8981373|Reactome:R-DME-917937|Reactome:R-DME-9707616|Reactome:R-DME-9749641|Reactome:R-DME-9793528|Reactome:R-DRE-1483191|Reactome:R-DRE-1660661|Reactome:R-DRE-189200|Reactome:R-DRE-196757|Reactome:R-DRE-264642|Reactome:R-DRE-352230|Reactome:R-DRE-425410|Reactome:R-DRE-428643|Reactome:R-DRE-561048|Reactome:R-DRE-70263|Reactome:R-DRE-83936|Reactome:R-DRE-879518|Reactome:R-DRE-917937|Reactome:R-DRE-9707616|Reactome:R-GGA-1483191|Reactome:R-GGA-196757|Reactome:R-GGA-210991|Reactome:R-GGA-352832|Reactome:R-GGA-373920|Reactome:R-GGA-433692|Reactome:R-GGA-917937|Reactome:R-GGA-9707616|Reactome:R-HSA-112311|Reactome:R-HSA-1445148|Reactome:R-HSA-1483191|Reactome:R-HSA-159418|Reactome:R-HSA-1660661|Reactome:R-HSA-181429|Reactome:R-HSA-181430|Reactome:R-HSA-189200|Reactome:R-HSA-189451|Reactome:R-HSA-189483|Reactome:R-HSA-196757|Reactome:R-HSA-196807|Reactome:R-HSA-196819|Reactome:R-HSA-196836|Reactome:R-HSA-200425|Reactome:R-HSA-210500|Reactome:R-HSA-210745|Reactome:R-HSA-210991|Reactome:R-HSA-212676|Reactome:R-HSA-2160916|Reactome:R-HSA-2161517|Reactome:R-HSA-264642|Reactome:R-HSA-2672351|Reactome:R-HSA-3229133|Reactome:R-HSA-351906|Reactome:R-HSA-352230|Reactome:R-HSA-381340|Reactome:R-HSA-4085001|Reactome:R-HSA-422356|Reactome:R-HSA-425397|Reactome:R-HSA-425410|Reactome:R-HSA-427975|Reactome:R-HSA-428643|Reactome:R-HSA-429593|Reactome:R-HSA-433692|Reactome:R-HSA-442660|Reactome:R-HSA-5250955|Reactome:R-HSA-5250968|Reactome:R-HSA-5250981|Reactome:R-HSA-5250992|Reactome:R-HSA-549127|Reactome:R-HSA-561048|Reactome:R-HSA-5619035|Reactome:R-HSA-5619043|Reactome:R-HSA-5619047|Reactome:R-HSA-5619049|Reactome:R-HSA-5619053|Reactome:R-HSA-5619058|Reactome:R-HSA-5619060|Reactome:R-HSA-5619061|Reactome:R-HSA-5619066|Reactome:R-HSA-5619068|Reactome:R-HSA-5619070|Reactome:R-HSA-5619071|Reactome:R-HSA-5619076|Reactome:R-HSA-5619095|Reactome:R-HSA-5619098|Reactome:R-HSA-5619110|Reactome:R-HSA-5653890|Reactome:R-HSA-5655799|Reactome:R-HSA-5662702|Reactome:R-HSA-6798695|Reactome:R-HSA-70263|Reactome:R-HSA-83936|Reactome:R-HSA-879518|Reactome:R-HSA-8856825|Reactome:R-HSA-8856828|Reactome:R-HSA-8935964|Reactome:R-HSA-8981373|Reactome:R-HSA-9022699|Reactome:R-HSA-917937|Reactome:R-HSA-9636383|Reactome:R-HSA-9638334|Reactome:R-HSA-9638482|Reactome:R-HSA-9662360|Reactome:R-HSA-9707616|Reactome:R-HSA-9748787|Reactome:R-HSA-9749641|Reactome:R-HSA-9754706|Reactome:R-HSA-9755088|Reactome:R-HSA-9793528|Reactome:R-HSA-9845576|Reactome:R-HSA-9860276|Reactome:R-HSA-9913143|Reactome:R-MMU-112311|Reactome:R-MMU-1483191|Reactome:R-MMU-159418|Reactome:R-MMU-1660661|Reactome:R-MMU-181429|Reactome:R-MMU-181430|Reactome:R-MMU-189200|Reactome:R-MMU-189451|Reactome:R-MMU-189483|Reactome:R-MMU-196757|Reactome:R-MMU-196807|Reactome:R-MMU-196819|Reactome:R-MMU-196836|Reactome:R-MMU-200425|Reactome:R-MMU-210500|Reactome:R-MMU-210991|Reactome:R-MMU-212676|Reactome:R-MMU-2160916|Reactome:R-MMU-2161517|Reactome:R-MMU-264642|Reactome:R-MMU-2672351|Reactome:R-MMU-352230|Reactome:R-MMU-4085001|Reactome:R-MMU-422356|Reactome:R-MMU-425397|Reactome:R-MMU-425410|Reactome:R-MMU-427975|Reactome:R-MMU-428643|Reactome:R-MMU-429593|Reactome:R-MMU-433692|Reactome:R-MMU-442660|Reactome:R-MMU-549127|Reactome:R-MMU-561048|Reactome:R-MMU-5653890|Reactome:R-MMU-5662702|Reactome:R-MMU-6798695|Reactome:R-MMU-70263|Reactome:R-MMU-83936|Reactome:R-MMU-879518|Reactome:R-MMU-8856825|Reactome:R-MMU-8856828|Reactome:R-MMU-8981373|Reactome:R-MMU-917937|Reactome:R-MMU-9707616|Reactome:R-MMU-9748787|Reactome:R-MMU-9749641|Reactome:R-MMU-9754706|Reactome:R-MMU-9755088|Reactome:R-MMU-9793528|Reactome:R-MMU-9845576|Reactome:R-MMU-9860276|Reactome:R-PFA-189200|Reactome:R-PFA-196836|Reactome:R-PFA-422356|Reactome:R-PFA-5653890|Reactome:R-PFA-6798695|Reactome:R-PFA-8981373|Reactome:R-RNO-112311|Reactome:R-RNO-159418|Reactome:R-RNO-181429|Reactome:R-RNO-181430|Reactome:R-RNO-189200|Reactome:R-RNO-189483|Reactome:R-RNO-196757|Reactome:R-RNO-196836|Reactome:R-RNO-200425|Reactome:R-RNO-210500|Reactome:R-RNO-210991|Reactome:R-RNO-212676|Reactome:R-RNO-2161517|Reactome:R-RNO-264642|Reactome:R-RNO-352230|Reactome:R-RNO-422356|Reactome:R-RNO-425397|Reactome:R-RNO-425410|Reactome:R-RNO-427975|Reactome:R-RNO-428643|Reactome:R-RNO-429593|Reactome:R-RNO-433692|Reactome:R-RNO-442660|Reactome:R-RNO-549127|Reactome:R-RNO-561048|Reactome:R-RNO-5653890|Reactome:R-RNO-6798695|Reactome:R-RNO-83936|Reactome:R-RNO-879518|Reactome:R-RNO-8856825|Reactome:R-RNO-8856828|Reactome:R-RNO-8981373|Reactome:R-RNO-917937|Reactome:R-RNO-9707616|Reactome:R-RNO-9748787|Reactome:R-RNO-9749641|Reactome:R-RNO-9754706|Reactome:R-RNO-9755088|Reactome:R-RNO-9793528|Reactome:R-RNO-9860276|Reactome:R-SCE-189200|Reactome:R-SCE-196757|Reactome:R-SCE-196836|Reactome:R-SCE-352230|Reactome:R-SCE-422356|Reactome:R-SCE-425397|Reactome:R-SCE-427975|Reactome:R-SCE-429593|Reactome:R-SCE-5653890|Reactome:R-SCE-6798695|Reactome:R-SCE-879518|Reactome:R-SCE-8981373|Reactome:R-SCE-917937|Reactome:R-SCE-9707616|Reactome:R-SCE-9845576|Reactome:R-SPO-181429|Reactome:R-SPO-181430|Reactome:R-SPO-189200|Reactome:R-SPO-196757|Reactome:R-SPO-212676|Reactome:R-SPO-425397|Reactome:R-SPO-427975|Reactome:R-SPO-429593|Reactome:R-SPO-442380|Reactome:R-SPO-442660|Reactome:R-SPO-6798695|Reactome:R-SPO-8856825|Reactome:R-SPO-8856828|Reactome:R-SPO-917937|Reactome:R-SPO-9707616|Reactome:R-SPO-9845576|Reactome:R-SSC-112311|Reactome:R-SSC-181430|Reactome:R-SSC-189200|Reactome:R-SSC-196836|Reactome:R-SSC-2161517|Reactome:R-SSC-422356|Reactome:R-SSC-442660|Reactome:R-SSC-549127|Reactome:R-SSC-561048|Reactome:R-SSC-5653890|Reactome:R-SSC-6798695|Reactome:R-SSC-8981373|Reactome:R-SSC-9749641|Reactome:R-XTR-1483191|Reactome:R-XTR-1660661|Reactome:R-XTR-189200|Reactome:R-XTR-210500|Reactome:R-XTR-428643|Reactome:R-XTR-549127|Reactome:R-XTR-70263
HORVU.MOREX.r3.3HG0301710.1	61452500455c46e49b593b5b9642eeca	518	Phobius	TRANSMEMBRANE	Region of a membrane-bound protein predicted to be embedded in the membrane.	455	479	-	T	02-06-2026	-	-	-	-
HORVU.MOREX.r3.3HG0301710.1	61452500455c46e49b593b5b9642eeca	518	Phobius	NON_CYTOPLASMIC_DOMAIN	Region of a membrane-bound protein predicted to be outside the membrane, in the extracellular region.	480	484	-	T	02-06-2026	-	-	-	-
HORVU.MOREX.r3.3HG0301710.1	61452500455c46e49b593b5b9642eeca	518	Phobius	TRANSMEMBRANE	Region of a membrane-bound protein predicted to be embedded in the membrane.	254	275	-	T	02-06-2026	-	-	-	-
HORVU.MOREX.r3.3HG0301710.1	61452500455c46e49b593b5b9642eeca	518	MobiDBLite	mobidb-lite	consensus disorder prediction	41	61	-	T	02-06-2026	-	-	-	-
HORVU.MOREX.r3.3HG0301710.1	61452500455c46e49b593b5b9642eeca	518	Phobius	CYTOPLASMIC_DOMAIN	Region of a membrane-bound protein predicted to be outside the membrane, in the cytoplasm.	161	164	-	T	02-06-2026	-	-	-	-
HORVU.MOREX.r3.3HG0301710.1	61452500455c46e49b593b5b9642eeca	518	FunFam	G3DSA:1.20.1250.20:FF:000131	Probable anion transporter 3, chloroplastic	92	285	7.5E-107	T	02-06-2026	-	-	-	-
HORVU.MOREX.r3.3HG0301710.1	61452500455c46e49b593b5b9642eeca	518	Phobius	TRANSMEMBRANE	Region of a membrane-bound protein predicted to be embedded in the membrane.	165	183	-	T	02-06-2026	-	-	-	-
HORVU.MOREX.r3.3HG0301710.1	61452500455c46e49b593b5b9642eeca	518	TMHMM	TMhelix	Region of a membrane-bound protein predicted to be embedded in the membrane.	421	443	-	T	02-06-2026	-	-	-	-
HORVU.MOREX.r3.3HG0301710.1	61452500455c46e49b593b5b9642eeca	518	ProSiteProfiles	PS50850	Major facilitator superfamily (MFS) profile.	99	510	22.11788	T	02-06-2026	IPR020846	Major facilitator superfamily domain	GO:0022857(InterPro)	Reactome:R-BTA-112311|Reactome:R-BTA-181430|Reactome:R-BTA-189200|Reactome:R-BTA-196757|Reactome:R-BTA-196836|Reactome:R-BTA-210500|Reactome:R-BTA-210991|Reactome:R-BTA-2161517|Reactome:R-BTA-422356|Reactome:R-BTA-428643|Reactome:R-BTA-433692|Reactome:R-BTA-442660|Reactome:R-BTA-549127|Reactome:R-BTA-5653890|Reactome:R-BTA-6798695|Reactome:R-BTA-8981373|Reactome:R-BTA-917937|Reactome:R-BTA-9707616|Reactome:R-BTA-9749641|Reactome:R-BTA-9793528|Reactome:R-CEL-112311|Reactome:R-CEL-181430|Reactome:R-CEL-189200|Reactome:R-CEL-189451|Reactome:R-CEL-196807|Reactome:R-CEL-196836|Reactome:R-CEL-200425|Reactome:R-CEL-210500|Reactome:R-CEL-2161517|Reactome:R-CEL-264642|Reactome:R-CEL-2672351|Reactome:R-CEL-422356|Reactome:R-CEL-428643|Reactome:R-CEL-429593|Reactome:R-CEL-442660|Reactome:R-CEL-549127|Reactome:R-CEL-561048|Reactome:R-CEL-5653890|Reactome:R-CEL-6798695|Reactome:R-CEL-8856825|Reactome:R-CEL-8856828|Reactome:R-CEL-8981373|Reactome:R-CEL-917937|Reactome:R-CEL-9749641|Reactome:R-CEL-9793528|Reactome:R-DME-112311|Reactome:R-DME-1660661|Reactome:R-DME-181430|Reactome:R-DME-189200|Reactome:R-DME-196807|Reactome:R-DME-196836|Reactome:R-DME-200425|Reactome:R-DME-2161517|Reactome:R-DME-264642|Reactome:R-DME-2672351|Reactome:R-DME-422356|Reactome:R-DME-428643|Reactome:R-DME-442660|Reactome:R-DME-549127|Reactome:R-DME-561048|Reactome:R-DME-5653890|Reactome:R-DME-6798695|Reactome:R-DME-8856825|Reactome:R-DME-8856828|Reactome:R-DME-8981373|Reactome:R-DME-917937|Reactome:R-DME-9749641|Reactome:R-DME-9793528|Reactome:R-DRE-1660661|Reactome:R-DRE-189200|Reactome:R-DRE-264642|Reactome:R-DRE-352230|Reactome:R-DRE-428643|Reactome:R-DRE-561048|Reactome:R-DRE-70263|Reactome:R-DRE-879518|Reactome:R-GGA-210991|Reactome:R-GGA-352832|Reactome:R-GGA-373920|Reactome:R-GGA-433692|Reactome:R-HSA-112311|Reactome:R-HSA-1445148|Reactome:R-HSA-159418|Reactome:R-HSA-1660661|Reactome:R-HSA-181429|Reactome:R-HSA-181430|Reactome:R-HSA-189200|Reactome:R-HSA-189451|Reactome:R-HSA-189483|Reactome:R-HSA-196757|Reactome:R-HSA-196807|Reactome:R-HSA-196836|Reactome:R-HSA-200425|Reactome:R-HSA-210500|Reactome:R-HSA-210745|Reactome:R-HSA-210991|Reactome:R-HSA-212676|Reactome:R-HSA-2160916|Reactome:R-HSA-2161517|Reactome:R-HSA-264642|Reactome:R-HSA-2672351|Reactome:R-HSA-3229133|Reactome:R-HSA-352230|Reactome:R-HSA-381340|Reactome:R-HSA-4085001|Reactome:R-HSA-422356|Reactome:R-HSA-428643|Reactome:R-HSA-429593|Reactome:R-HSA-433692|Reactome:R-HSA-442660|Reactome:R-HSA-5250955|Reactome:R-HSA-5250968|Reactome:R-HSA-5250981|Reactome:R-HSA-5250992|Reactome:R-HSA-549127|Reactome:R-HSA-561048|Reactome:R-HSA-5619035|Reactome:R-HSA-5619043|Reactome:R-HSA-5619047|Reactome:R-HSA-5619053|Reactome:R-HSA-5619058|Reactome:R-HSA-5619066|Reactome:R-HSA-5619068|Reactome:R-HSA-5619070|Reactome:R-HSA-5619071|Reactome:R-HSA-5619076|Reactome:R-HSA-5619095|Reactome:R-HSA-5619098|Reactome:R-HSA-5619110|Reactome:R-HSA-5653890|Reactome:R-HSA-6798695|Reactome:R-HSA-70263|Reactome:R-HSA-879518|Reactome:R-HSA-8856825|Reactome:R-HSA-8856828|Reactome:R-HSA-8981373|Reactome:R-HSA-9022699|Reactome:R-HSA-917937|Reactome:R-HSA-9636383|Reactome:R-HSA-9638334|Reactome:R-HSA-9662360|Reactome:R-HSA-9707616|Reactome:R-HSA-9749641|Reactome:R-HSA-9754706|Reactome:R-HSA-9793528|Reactome:R-HSA-9913143|Reactome:R-MMU-112311|Reactome:R-MMU-159418|Reactome:R-MMU-1660661|Reactome:R-MMU-181429|Reactome:R-MMU-181430|Reactome:R-MMU-189200|Reactome:R-MMU-189451|Reactome:R-MMU-189483|Reactome:R-MMU-196807|Reactome:R-MMU-196836|Reactome:R-MMU-200425|Reactome:R-MMU-210500|Reactome:R-MMU-210991|Reactome:R-MMU-212676|Reactome:R-MMU-2160916|Reactome:R-MMU-2161517|Reactome:R-MMU-264642|Reactome:R-MMU-352230|Reactome:R-MMU-4085001|Reactome:R-MMU-422356|Reactome:R-MMU-428643|Reactome:R-MMU-429593|Reactome:R-MMU-433692|Reactome:R-MMU-442660|Reactome:R-MMU-549127|Reactome:R-MMU-561048|Reactome:R-MMU-5653890|Reactome:R-MMU-6798695|Reactome:R-MMU-70263|Reactome:R-MMU-879518|Reactome:R-MMU-8856825|Reactome:R-MMU-8856828|Reactome:R-MMU-8981373|Reactome:R-MMU-917937|Reactome:R-MMU-9749641|Reactome:R-MMU-9754706|Reactome:R-MMU-9793528|Reactome:R-PFA-189200|Reactome:R-PFA-196836|Reactome:R-PFA-422356|Reactome:R-PFA-5653890|Reactome:R-PFA-6798695|Reactome:R-PFA-8981373|Reactome:R-RNO-112311|Reactome:R-RNO-159418|Reactome:R-RNO-181429|Reactome:R-RNO-181430|Reactome:R-RNO-189200|Reactome:R-RNO-189483|Reactome:R-RNO-196757|Reactome:R-RNO-196836|Reactome:R-RNO-200425|Reactome:R-RNO-210500|Reactome:R-RNO-210991|Reactome:R-RNO-212676|Reactome:R-RNO-2161517|Reactome:R-RNO-264642|Reactome:R-RNO-352230|Reactome:R-RNO-422356|Reactome:R-RNO-428643|Reactome:R-RNO-429593|Reactome:R-RNO-433692|Reactome:R-RNO-442660|Reactome:R-RNO-549127|Reactome:R-RNO-561048|Reactome:R-RNO-5653890|Reactome:R-RNO-6798695|Reactome:R-RNO-879518|Reactome:R-RNO-8856825|Reactome:R-RNO-8856828|Reactome:R-RNO-8981373|Reactome:R-RNO-917937|Reactome:R-RNO-9707616|Reactome:R-RNO-9749641|Reactome:R-RNO-9754706|Reactome:R-RNO-9793528|Reactome:R-SCE-189200|Reactome:R-SCE-196836|Reactome:R-SCE-352230|Reactome:R-SCE-422356|Reactome:R-SCE-429593|Reactome:R-SCE-5653890|Reactome:R-SCE-6798695|Reactome:R-SCE-879518|Reactome:R-SCE-8981373|Reactome:R-SPO-181429|Reactome:R-SPO-181430|Reactome:R-SPO-212676|Reactome:R-SPO-429593|Reactome:R-SPO-442660|Reactome:R-SPO-8856825|Reactome:R-SPO-8856828|Reactome:R-SSC-112311|Reactome:R-SSC-181430|Reactome:R-SSC-189200|Reactome:R-SSC-196836|Reactome:R-SSC-2161517|Reactome:R-SSC-422356|Reactome:R-SSC-442660|Reactome:R-SSC-549127|Reactome:R-SSC-561048|Reactome:R-SSC-5653890|Reactome:R-SSC-6798695|Reactome:R-SSC-8981373|Reactome:R-SSC-9749641|Reactome:R-XTR-1660661|Reactome:R-XTR-189200|Reactome:R-XTR-210500|Reactome:R-XTR-428643|Reactome:R-XTR-549127|Reactome:R-XTR-70263
HORVU.MOREX.r3.3HG0301710.1	61452500455c46e49b593b5b9642eeca	518	Phobius	CYTOPLASMIC_DOMAIN	Region of a membrane-bound protein predicted to be outside the membrane, in the cytoplasm.	387	397	-	T	02-06-2026	-	-	-	-
HORVU.MOREX.r3.3HG0301710.1	61452500455c46e49b593b5b9642eeca	518	Gene3D	G3DSA:1.20.1250.20	MFS general substrate transporter like domains	91	285	7.6E-37	T	02-06-2026	IPR036259	MFS transporter superfamily	-	Reactome:R-BTA-112311|Reactome:R-BTA-181430|Reactome:R-BTA-189200|Reactome:R-BTA-196757|Reactome:R-BTA-196836|Reactome:R-BTA-210500|Reactome:R-BTA-210991|Reactome:R-BTA-2161517|Reactome:R-BTA-352230|Reactome:R-BTA-422356|Reactome:R-BTA-427975|Reactome:R-BTA-428643|Reactome:R-BTA-433692|Reactome:R-BTA-442660|Reactome:R-BTA-549127|Reactome:R-BTA-5653890|Reactome:R-BTA-6798695|Reactome:R-BTA-879518|Reactome:R-BTA-8981373|Reactome:R-BTA-917937|Reactome:R-BTA-9707616|Reactome:R-BTA-9749641|Reactome:R-BTA-9793528|Reactome:R-BTA-9860276|Reactome:R-BTA-9909505|Reactome:R-CEL-112311|Reactome:R-CEL-181430|Reactome:R-CEL-189200|Reactome:R-CEL-189451|Reactome:R-CEL-196757|Reactome:R-CEL-196807|Reactome:R-CEL-196819|Reactome:R-CEL-196836|Reactome:R-CEL-200425|Reactome:R-CEL-210500|Reactome:R-CEL-2161517|Reactome:R-CEL-264642|Reactome:R-CEL-2672351|Reactome:R-CEL-422356|Reactome:R-CEL-427975|Reactome:R-CEL-428643|Reactome:R-CEL-429593|Reactome:R-CEL-442660|Reactome:R-CEL-549127|Reactome:R-CEL-561048|Reactome:R-CEL-5653890|Reactome:R-CEL-6798695|Reactome:R-CEL-8856825|Reactome:R-CEL-8856828|Reactome:R-CEL-8981373|Reactome:R-CEL-917937|Reactome:R-CEL-9749641|Reactome:R-CEL-9793528|Reactome:R-CFA-425410|Reactome:R-CFA-917937|Reactome:R-DDI-196757|Reactome:R-DDI-196819|Reactome:R-DME-112311|Reactome:R-DME-1660661|Reactome:R-DME-181430|Reactome:R-DME-189200|Reactome:R-DME-196757|Reactome:R-DME-196807|Reactome:R-DME-196836|Reactome:R-DME-200425|Reactome:R-DME-2161517|Reactome:R-DME-264642|Reactome:R-DME-2672351|Reactome:R-DME-422356|Reactome:R-DME-427975|Reactome:R-DME-428643|Reactome:R-DME-442660|Reactome:R-DME-549127|Reactome:R-DME-561048|Reactome:R-DME-5653890|Reactome:R-DME-6798695|Reactome:R-DME-879518|Reactome:R-DME-8856825|Reactome:R-DME-8856828|Reactome:R-DME-8981373|Reactome:R-DME-917937|Reactome:R-DME-9707616|Reactome:R-DME-9749641|Reactome:R-DME-9793528|Reactome:R-DRE-1483191|Reactome:R-DRE-1660661|Reactome:R-DRE-189200|Reactome:R-DRE-196757|Reactome:R-DRE-264642|Reactome:R-DRE-352230|Reactome:R-DRE-425410|Reactome:R-DRE-428643|Reactome:R-DRE-561048|Reactome:R-DRE-70263|Reactome:R-DRE-83936|Reactome:R-DRE-879518|Reactome:R-DRE-917937|Reactome:R-DRE-9707616|Reactome:R-GGA-1483191|Reactome:R-GGA-196757|Reactome:R-GGA-210991|Reactome:R-GGA-352832|Reactome:R-GGA-373920|Reactome:R-GGA-433692|Reactome:R-GGA-917937|Reactome:R-GGA-9707616|Reactome:R-HSA-112311|Reactome:R-HSA-1445148|Reactome:R-HSA-1483191|Reactome:R-HSA-159418|Reactome:R-HSA-1660661|Reactome:R-HSA-181429|Reactome:R-HSA-181430|Reactome:R-HSA-189200|Reactome:R-HSA-189451|Reactome:R-HSA-189483|Reactome:R-HSA-196757|Reactome:R-HSA-196807|Reactome:R-HSA-196819|Reactome:R-HSA-196836|Reactome:R-HSA-200425|Reactome:R-HSA-210500|Reactome:R-HSA-210745|Reactome:R-HSA-210991|Reactome:R-HSA-212676|Reactome:R-HSA-2160916|Reactome:R-HSA-2161517|Reactome:R-HSA-264642|Reactome:R-HSA-2672351|Reactome:R-HSA-3229133|Reactome:R-HSA-351906|Reactome:R-HSA-352230|Reactome:R-HSA-381340|Reactome:R-HSA-4085001|Reactome:R-HSA-422356|Reactome:R-HSA-425397|Reactome:R-HSA-425410|Reactome:R-HSA-427975|Reactome:R-HSA-428643|Reactome:R-HSA-429593|Reactome:R-HSA-433692|Reactome:R-HSA-442660|Reactome:R-HSA-5250955|Reactome:R-HSA-5250968|Reactome:R-HSA-5250981|Reactome:R-HSA-5250992|Reactome:R-HSA-549127|Reactome:R-HSA-561048|Reactome:R-HSA-5619035|Reactome:R-HSA-5619043|Reactome:R-HSA-5619047|Reactome:R-HSA-5619049|Reactome:R-HSA-5619053|Reactome:R-HSA-5619058|Reactome:R-HSA-5619060|Reactome:R-HSA-5619061|Reactome:R-HSA-5619066|Reactome:R-HSA-5619068|Reactome:R-HSA-5619070|Reactome:R-HSA-5619071|Reactome:R-HSA-5619076|Reactome:R-HSA-5619095|Reactome:R-HSA-5619098|Reactome:R-HSA-5619110|Reactome:R-HSA-5653890|Reactome:R-HSA-5655799|Reactome:R-HSA-5662702|Reactome:R-HSA-6798695|Reactome:R-HSA-70263|Reactome:R-HSA-83936|Reactome:R-HSA-879518|Reactome:R-HSA-8856825|Reactome:R-HSA-8856828|Reactome:R-HSA-8935964|Reactome:R-HSA-8981373|Reactome:R-HSA-9022699|Reactome:R-HSA-917937|Reactome:R-HSA-9636383|Reactome:R-HSA-9638334|Reactome:R-HSA-9638482|Reactome:R-HSA-9662360|Reactome:R-HSA-9707616|Reactome:R-HSA-9748787|Reactome:R-HSA-9749641|Reactome:R-HSA-9754706|Reactome:R-HSA-9755088|Reactome:R-HSA-9793528|Reactome:R-HSA-9845576|Reactome:R-HSA-9860276|Reactome:R-HSA-9913143|Reactome:R-MMU-112311|Reactome:R-MMU-1483191|Reactome:R-MMU-159418|Reactome:R-MMU-1660661|Reactome:R-MMU-181429|Reactome:R-MMU-181430|Reactome:R-MMU-189200|Reactome:R-MMU-189451|Reactome:R-MMU-189483|Reactome:R-MMU-196757|Reactome:R-MMU-196807|Reactome:R-MMU-196819|Reactome:R-MMU-196836|Reactome:R-MMU-200425|Reactome:R-MMU-210500|Reactome:R-MMU-210991|Reactome:R-MMU-212676|Reactome:R-MMU-2160916|Reactome:R-MMU-2161517|Reactome:R-MMU-264642|Reactome:R-MMU-2672351|Reactome:R-MMU-352230|Reactome:R-MMU-4085001|Reactome:R-MMU-422356|Reactome:R-MMU-425397|Reactome:R-MMU-425410|Reactome:R-MMU-427975|Reactome:R-MMU-428643|Reactome:R-MMU-429593|Reactome:R-MMU-433692|Reactome:R-MMU-442660|Reactome:R-MMU-549127|Reactome:R-MMU-561048|Reactome:R-MMU-5653890|Reactome:R-MMU-5662702|Reactome:R-MMU-6798695|Reactome:R-MMU-70263|Reactome:R-MMU-83936|Reactome:R-MMU-879518|Reactome:R-MMU-8856825|Reactome:R-MMU-8856828|Reactome:R-MMU-8981373|Reactome:R-MMU-917937|Reactome:R-MMU-9707616|Reactome:R-MMU-9748787|Reactome:R-MMU-9749641|Reactome:R-MMU-9754706|Reactome:R-MMU-9755088|Reactome:R-MMU-9793528|Reactome:R-MMU-9845576|Reactome:R-MMU-9860276|Reactome:R-PFA-189200|Reactome:R-PFA-196836|Reactome:R-PFA-422356|Reactome:R-PFA-5653890|Reactome:R-PFA-6798695|Reactome:R-PFA-8981373|Reactome:R-RNO-112311|Reactome:R-RNO-159418|Reactome:R-RNO-181429|Reactome:R-RNO-181430|Reactome:R-RNO-189200|Reactome:R-RNO-189483|Reactome:R-RNO-196757|Reactome:R-RNO-196836|Reactome:R-RNO-200425|Reactome:R-RNO-210500|Reactome:R-RNO-210991|Reactome:R-RNO-212676|Reactome:R-RNO-2161517|Reactome:R-RNO-264642|Reactome:R-RNO-352230|Reactome:R-RNO-422356|Reactome:R-RNO-425397|Reactome:R-RNO-425410|Reactome:R-RNO-427975|Reactome:R-RNO-428643|Reactome:R-RNO-429593|Reactome:R-RNO-433692|Reactome:R-RNO-442660|Reactome:R-RNO-549127|Reactome:R-RNO-561048|Reactome:R-RNO-5653890|Reactome:R-RNO-6798695|Reactome:R-RNO-83936|Reactome:R-RNO-879518|Reactome:R-RNO-8856825|Reactome:R-RNO-8856828|Reactome:R-RNO-8981373|Reactome:R-RNO-917937|Reactome:R-RNO-9707616|Reactome:R-RNO-9748787|Reactome:R-RNO-9749641|Reactome:R-RNO-9754706|Reactome:R-RNO-9755088|Reactome:R-RNO-9793528|Reactome:R-RNO-9860276|Reactome:R-SCE-189200|Reactome:R-SCE-196757|Reactome:R-SCE-196836|Reactome:R-SCE-352230|Reactome:R-SCE-422356|Reactome:R-SCE-425397|Reactome:R-SCE-427975|Reactome:R-SCE-429593|Reactome:R-SCE-5653890|Reactome:R-SCE-6798695|Reactome:R-SCE-879518|Reactome:R-SCE-8981373|Reactome:R-SCE-917937|Reactome:R-SCE-9707616|Reactome:R-SCE-9845576|Reactome:R-SPO-181429|Reactome:R-SPO-181430|Reactome:R-SPO-189200|Reactome:R-SPO-196757|Reactome:R-SPO-212676|Reactome:R-SPO-425397|Reactome:R-SPO-427975|Reactome:R-SPO-429593|Reactome:R-SPO-442380|Reactome:R-SPO-442660|Reactome:R-SPO-6798695|Reactome:R-SPO-8856825|Reactome:R-SPO-8856828|Reactome:R-SPO-917937|Reactome:R-SPO-9707616|Reactome:R-SPO-9845576|Reactome:R-SSC-112311|Reactome:R-SSC-181430|Reactome:R-SSC-189200|Reactome:R-SSC-196836|Reactome:R-SSC-2161517|Reactome:R-SSC-422356|Reactome:R-SSC-442660|Reactome:R-SSC-549127|Reactome:R-SSC-561048|Reactome:R-SSC-5653890|Reactome:R-SSC-6798695|Reactome:R-SSC-8981373|Reactome:R-SSC-9749641|Reactome:R-XTR-1483191|Reactome:R-XTR-1660661|Reactome:R-XTR-189200|Reactome:R-XTR-210500|Reactome:R-XTR-428643|Reactome:R-XTR-549127|Reactome:R-XTR-70263
HORVU.MOREX.r3.3HG0301710.1	61452500455c46e49b593b5b9642eeca	518	TMHMM	TMhelix	Region of a membrane-bound protein predicted to be embedded in the membrane.	170	192	-	T	02-06-2026	-	-	-	-
HORVU.MOREX.r3.3HG0301710.1	61452500455c46e49b593b5b9642eeca	518	TMHMM	TMhelix	Region of a membrane-bound protein predicted to be embedded in the membrane.	325	347	-	T	02-06-2026	-	-	-	-
HORVU.MOREX.r3.3HG0301710.1	61452500455c46e49b593b5b9642eeca	518	Phobius	TRANSMEMBRANE	Region of a membrane-bound protein predicted to be embedded in the membrane.	142	160	-	T	02-06-2026	-	-	-	-
HORVU.MOREX.r3.3HG0301710.1	61452500455c46e49b593b5b9642eeca	518	Phobius	NON_CYTOPLASMIC_DOMAIN	Region of a membrane-bound protein predicted to be outside the membrane, in the extracellular region.	249	253	-	T	02-06-2026	-	-	-	-
HORVU.MOREX.r3.3HG0301710.1	61452500455c46e49b593b5b9642eeca	518	Phobius	CYTOPLASMIC_DOMAIN	Region of a membrane-bound protein predicted to be outside the membrane, in the cytoplasm.	276	324	-	T	02-06-2026	-	-	-	-
HORVU.MOREX.r3.3HG0301710.1	61452500455c46e49b593b5b9642eeca	518	Phobius	TRANSMEMBRANE	Region of a membrane-bound protein predicted to be embedded in the membrane.	485	506	-	T	02-06-2026	-	-	-	-
HORVU.MOREX.r3.3HG0301710.1	61452500455c46e49b593b5b9642eeca	518	TMHMM	TMhelix	Region of a membrane-bound protein predicted to be embedded in the membrane.	135	157	-	T	02-06-2026	-	-	-	-
HORVU.MOREX.r3.3HG0301710.1	61452500455c46e49b593b5b9642eeca	518	TMHMM	TMhelix	Region of a membrane-bound protein predicted to be embedded in the membrane.	485	507	-	T	02-06-2026	-	-	-	-
HORVU.MOREX.r3.3HG0301710.1	61452500455c46e49b593b5b9642eeca	518	MobiDBLite	mobidb-lite	consensus disorder prediction	1	81	-	T	02-06-2026	-	-	-	-
HORVU.MOREX.r3.3HG0301710.1	61452500455c46e49b593b5b9642eeca	518	Phobius	NON_CYTOPLASMIC_DOMAIN	Region of a membrane-bound protein predicted to be outside the membrane, in the extracellular region.	184	188	-	T	02-06-2026	-	-	-	-
HORVU.MOREX.r3.3HG0301710.1	61452500455c46e49b593b5b9642eeca	518	Phobius	NON_CYTOPLASMIC_DOMAIN	Region of a membrane-bound protein predicted to be outside the membrane, in the extracellular region.	123	141	-	T	02-06-2026	-	-	-	-
HORVU.MOREX.r3.3HG0301710.1	61452500455c46e49b593b5b9642eeca	518	Phobius	TRANSMEMBRANE	Region of a membrane-bound protein predicted to be embedded in the membrane.	189	213	-	T	02-06-2026	-	-	-	-
HORVU.MOREX.r3.3HG0301710.1	61452500455c46e49b593b5b9642eeca	518	Phobius	TRANSMEMBRANE	Region of a membrane-bound protein predicted to be embedded in the membrane.	398	417	-	T	02-06-2026	-	-	-	-
HORVU.MOREX.r3.3HG0301710.1	61452500455c46e49b593b5b9642eeca	518	Phobius	CYTOPLASMIC_DOMAIN	Region of a membrane-bound protein predicted to be outside the membrane, in the cytoplasm.	1	98	-	T	02-06-2026	-	-	-	-
HORVU.MOREX.r3.3HG0301710.1	61452500455c46e49b593b5b9642eeca	518	Phobius	CYTOPLASMIC_DOMAIN	Region of a membrane-bound protein predicted to be outside the membrane, in the cytoplasm.	214	224	-	T	02-06-2026	-	-	-	-
HORVU.MOREX.r3.3HG0301710.1	61452500455c46e49b593b5b9642eeca	518	Phobius	TRANSMEMBRANE	Region of a membrane-bound protein predicted to be embedded in the membrane.	325	345	-	T	02-06-2026	-	-	-	-
HORVU.MOREX.r3.3HG0301710.1	61452500455c46e49b593b5b9642eeca	518	Pfam	PF07690	Major Facilitator Superfamily	105	472	4.8E-44	T	02-06-2026	IPR011701	Major facilitator superfamily	GO:0022857(InterPro)|GO:0055085(InterPro)	Reactome:R-BTA-196757|Reactome:R-BTA-210500|Reactome:R-BTA-210991|Reactome:R-BTA-352230|Reactome:R-BTA-428643|Reactome:R-BTA-433692|Reactome:R-BTA-917937|Reactome:R-BTA-9707616|Reactome:R-BTA-9749641|Reactome:R-CEL-189451|Reactome:R-CEL-210500|Reactome:R-CEL-264642|Reactome:R-CEL-2672351|Reactome:R-CEL-428643|Reactome:R-CEL-8856825|Reactome:R-CEL-8856828|Reactome:R-CEL-917937|Reactome:R-DME-1660661|Reactome:R-DME-196757|Reactome:R-DME-264642|Reactome:R-DME-2672351|Reactome:R-DME-428643|Reactome:R-DME-8856825|Reactome:R-DME-8856828|Reactome:R-DME-917937|Reactome:R-DME-9707616|Reactome:R-DRE-1660661|Reactome:R-DRE-189200|Reactome:R-DRE-196757|Reactome:R-DRE-264642|Reactome:R-DRE-352230|Reactome:R-DRE-428643|Reactome:R-DRE-70263|Reactome:R-DRE-879518|Reactome:R-DRE-917937|Reactome:R-DRE-9707616|Reactome:R-GGA-196757|Reactome:R-GGA-210991|Reactome:R-GGA-373920|Reactome:R-GGA-433692|Reactome:R-GGA-917937|Reactome:R-GGA-9707616|Reactome:R-HSA-1660661|Reactome:R-HSA-181429|Reactome:R-HSA-181430|Reactome:R-HSA-189200|Reactome:R-HSA-189451|Reactome:R-HSA-196757|Reactome:R-HSA-210500|Reactome:R-HSA-210991|Reactome:R-HSA-212676|Reactome:R-HSA-2160916|Reactome:R-HSA-2161517|Reactome:R-HSA-264642|Reactome:R-HSA-2672351|Reactome:R-HSA-3229133|Reactome:R-HSA-352230|Reactome:R-HSA-4085001|Reactome:R-HSA-428643|Reactome:R-HSA-433692|Reactome:R-HSA-442660|Reactome:R-HSA-5250955|Reactome:R-HSA-5250968|Reactome:R-HSA-5250981|Reactome:R-HSA-5250992|Reactome:R-HSA-549127|Reactome:R-HSA-561048|Reactome:R-HSA-5619035|Reactome:R-HSA-5619066|Reactome:R-HSA-5619070|Reactome:R-HSA-5619071|Reactome:R-HSA-5619076|Reactome:R-HSA-5662702|Reactome:R-HSA-70263|Reactome:R-HSA-879518|Reactome:R-HSA-8856825|Reactome:R-HSA-8856828|Reactome:R-HSA-917937|Reactome:R-HSA-9636383|Reactome:R-HSA-9662360|Reactome:R-HSA-9707616|Reactome:R-HSA-9749641|Reactome:R-HSA-9913143|Reactome:R-MMU-1660661|Reactome:R-MMU-181429|Reactome:R-MMU-181430|Reactome:R-MMU-189200|Reactome:R-MMU-189451|Reactome:R-MMU-196757|Reactome:R-MMU-210500|Reactome:R-MMU-210991|Reactome:R-MMU-212676|Reactome:R-MMU-2160916|Reactome:R-MMU-264642|Reactome:R-MMU-2672351|Reactome:R-MMU-352230|Reactome:R-MMU-4085001|Reactome:R-MMU-428643|Reactome:R-MMU-433692|Reactome:R-MMU-442660|Reactome:R-MMU-549127|Reactome:R-MMU-5662702|Reactome:R-MMU-70263|Reactome:R-MMU-879518|Reactome:R-MMU-8856825|Reactome:R-MMU-8856828|Reactome:R-MMU-917937|Reactome:R-MMU-9707616|Reactome:R-MMU-9749641|Reactome:R-RNO-181429|Reactome:R-RNO-181430|Reactome:R-RNO-196757|Reactome:R-RNO-210500|Reactome:R-RNO-210991|Reactome:R-RNO-212676|Reactome:R-RNO-264642|Reactome:R-RNO-352230|Reactome:R-RNO-428643|Reactome:R-RNO-433692|Reactome:R-RNO-442660|Reactome:R-RNO-549127|Reactome:R-RNO-879518|Reactome:R-RNO-8856825|Reactome:R-RNO-8856828|Reactome:R-RNO-917937|Reactome:R-RNO-9707616|Reactome:R-RNO-9749641|Reactome:R-SCE-196757|Reactome:R-SCE-352230|Reactome:R-SCE-879518|Reactome:R-SCE-917937|Reactome:R-SCE-9707616|Reactome:R-SPO-181429|Reactome:R-SPO-181430|Reactome:R-SPO-196757|Reactome:R-SPO-212676|Reactome:R-SPO-442660|Reactome:R-SPO-8856825|Reactome:R-SPO-8856828|Reactome:R-SPO-917937|Reactome:R-SPO-9707616|Reactome:R-SSC-561048|Reactome:R-SSC-9749641|Reactome:R-XTR-1660661|Reactome:R-XTR-210500|Reactome:R-XTR-428643|Reactome:R-XTR-70263
HORVU.MOREX.r3.3HG0301710.1	61452500455c46e49b593b5b9642eeca	518	Phobius	TRANSMEMBRANE	Region of a membrane-bound protein predicted to be embedded in the membrane.	99	122	-	T	02-06-2026	-	-	-	-
