trait	SNP_id	chr	pos	neg_log10_p	class
betaglucan	1H:479493867	1H	479493867	6.9044	significant
betaglucan	1H:483379118	1H	483379118	6.886	significant
betaglucan	2H:41996626	2H	41996626	8.906	significant
betaglucan	2H:602246902	2H	602246902	7.0568	significant
betaglucan	3H:537247620	3H	537247620	7.9751	significant
betaglucan	3H:537301368	3H	537301368	6.7886	significant
betaglucan	4H:34825152	4H	34825152	7.1073	significant
betaglucan	4H:34858354	4H	34858354	7.9777	significant
betaglucan	4H:34861659	4H	34861659	7.2971	significant
betaglucan	4H:34971609	4H	34971609	7.7266	significant
betaglucan	4H:528254769	4H	528254769	6.8965	significant
betaglucan	5H:224439424	5H	224439424	6.681	marginal
betaglucan	6H:475144663	6H	475144663	7.1682	significant
betaglucan	7H:144534576	7H	144534576	6.769	marginal
fiber	1H:344520079	1H	344520079	6.548	marginal
fiber	4H:24707376	4H	24707376	6.9727	significant
fiber	7H:14817657	7H	14817657	6.731	marginal
fiber	7H:573606306	7H	573606306	7.1456	significant
protein	3H:106623911	3H	106623911	6.84	significant
starch	3H:546433616	3H	546433616	6.282	marginal
starch	6H:525776080	6H	525776080	6.444	marginal
starch	7H:151110354	7H	151110354	6.362	marginal
